Date,Chandler,Flagstaff,Phoenix,Tucson
2015-07-02 11:00,97,75,98,90
2015-07-02 12:00,99,78,101,93
2015-07-02 13:00,99,78,101,94
2015-07-02 14:00,100,82,104,96
2015-07-02 15:00,102,80,105,98
2015-07-02 16:00,104,80,105,98
2015-07-02 17:00,104,73,105,97
2015-07-02 18:00,104,73,105,97
2015-07-02 19:00,102,65,103,95
2015-07-02 20:00,100,64,102,93
2015-07-02 21:00,97,65,100,92
2015-07-02 22:00,97,66,99,91
2015-07-02 23:00,97,67,99,89
2015-07-03 00:00,97,65,97,87
2015-07-03 01:00,97,61,96,88
2015-07-03 02:00,97,62,95,86
2015-07-03 03:00,97,66,93,84
2015-07-03 04:00,97,66,93,84
2015-07-03 05:00,97,59,89,82
2015-07-03 06:00,79,61,83,80
2015-07-03 07:00,77,63,83,79
2015-07-03 08:00,81,66,84,83
2015-07-03 09:00,81,67,86,86
2015-07-03 10:00,84,71,89,87
2015-07-03 11:00,88,72,90,89
2015-07-03 12:00,91,75,93,92
2015-07-03 13:00,93,77,94,94
2015-07-03 14:00,95,78,95,96
2015-07-03 15:00,95,79,95,97
2015-07-03 16:00,95,82,97,98
2015-07-03 17:00,97,81,99,98
2015-07-03 18:00,97,81,99,98
2015-07-03 19:00,99,69,99,97
2015-07-03 20:00,93,64,97,94
2015-07-03 21:00,93,60,97,92
2015-07-03 22:00,93,59,96,92
2015-07-03 23:00,93,59,91,90
2015-07-04 00:00,93,58,89,87
2015-07-04 01:00,93,58,88,86
2015-07-04 02:00,93,58,88,86
2015-07-04 03:00,93,58,86,81
2015-07-04 04:00,93,58,87,80
2015-07-04 05:00,93,58,86,81
2015-07-04 06:00,81,57,85,82
2015-07-04 07:00,86,58,88,83
2015-07-04 08:00,88,61,91,85
2015-07-04 09:00,91,67,95,85
2015-07-04 10:00,95,70,96,85
2015-07-04 11:00,95,72,98,87
2015-07-04 12:00,93,73,99,88
2015-07-04 13:00,97,75,102,89
2015-07-04 14:00,102,75,104,89
2015-07-04 15:00,102,74,104,91
2015-07-04 16:00,104,67,104,92
2015-07-04 17:00,104,69,105,91
2015-07-04 18:00,102,59,104,91
2015-07-04 19:00,102,61,102,90
2015-07-04 20:00,100,60,101,89
2015-07-04 21:00,99,59,100,88
2015-07-04 22:00,99,58,98,87
2015-07-04 23:00,99,58,98,82
2015-07-05 00:00,99,57,96,83
2015-07-05 01:00,99,56,95,83
2015-07-05 02:01,99,57,93,82
2015-07-05 03:00,99,58,93,82
2015-07-05 04:00,99,57,91,82
2015-07-05 05:00,99,58,90,81
2015-07-05 06:00,88,57,89,81
2015-07-05 07:00,88,59,89,81
2015-07-05 08:00,90,62,89,82
2015-07-05 09:00,93,68,92,82
2015-07-05 10:00,95,72,96,82
2015-07-05 11:00,97,74,97,82
2015-07-05 12:00,99,72,99,85
2015-07-05 13:00,99,60,100,87
2015-07-05 14:00,99,61,101,88
2015-07-05 15:00,90,58,100,73
2015-07-05 16:00,82,70,93,76
2015-07-05 17:00,86,69,92,75
2015-07-05 18:00,86,69,92,75
2015-07-05 19:00,82,65,89,77
2015-07-05 20:00,82,63,85,77
2015-07-05 21:00,82,59,85,77
2015-07-05 22:00,82,60,85,77
2015-07-05 23:00,82,57,85,76
2015-07-06 00:00,82,57,84,75
2015-07-06 01:00,82,57,84,74
2015-07-06 02:00,82,56,85,75
2015-07-06 03:00,82,56,85,74
2015-07-06 04:00,82,55,85,74
2015-07-06 05:00,82,54,84,74
2015-07-06 06:00,82,54,84,74
2015-07-06 07:00,82,57,80,76
2015-07-06 08:00,84,63,83,79
2015-07-06 09:00,86,68,87,80
2015-07-06 10:00,90,70,87,83
2015-07-06 11:00,91,73,94,85
2015-07-06 12:00,95,72,95,88
2015-07-06 13:00,97,71,100,92
2015-07-06 14:00,97,73,100,91
2015-07-06 15:00,97,73,100,91
2015-07-06 16:00,102,71,103,89
2015-07-06 17:00,102,72,103,89
2015-07-06 18:00,100,73,104,90
2015-07-06 19:00,99,70,102,89
2015-07-06 20:00,95,65,101,86
2015-07-06 21:00,95,65,99,86
2015-07-06 22:00,93,58,96,81
2015-07-06 23:00,93,56,96,80
2015-07-07 00:00,93,53,95,78
2015-07-07 01:00,93,52,94,77
2015-07-07 02:00,93,50,93,76
2015-07-07 03:00,93,49,91,76
2015-07-07 04:00,93,49,87,76
2015-07-07 05:00,93,48,86,76
2015-07-07 06:00,81,50,86,76
2015-07-07 07:00,86,58,87,79
2015-07-07 08:00,88,65,90,83
2015-07-07 09:00,90,70,92,87
2015-07-07 10:00,93,70,95,87
2015-07-07 11:00,97,72,97,90
2015-07-07 12:00,99,74,99,93
2015-07-07 13:00,100,75,104,93
2015-07-07 14:00,102,74,104,95
2015-07-07 15:00,102,60,105,96
2015-07-07 16:00,102,55,107,97
2015-07-07 17:00,104,58,107,96
2015-07-07 18:00,104,60,105,97
2015-07-07 19:00,104,61,105,96
2015-07-07 20:01,102,57,104,94
2015-07-07 21:00,100,58,103,90
2015-07-07 22:00,100,55,98,89
2015-07-07 23:00,100,53,98,86
2015-07-08 00:00,100,52,96,84
2015-07-08 01:00,100,51,95,82
2015-07-08 02:00,100,50,93,81
2015-07-08 03:00,100,50,92,79
2015-07-08 04:00,100,48,92,79
2015-07-08 05:00,100,48,88,79
2015-07-08 06:00,81,48,87,79
2015-07-08 07:00,86,58,87,81
2015-07-08 08:00,90,65,90,85
2015-07-08 09:00,93,70,94,87
2015-07-08 10:00,97,70,98,91
2015-07-08 11:00,99,71,101,93
2015-07-08 12:00,100,72,103,96
2015-07-08 13:00,102,74,105,98
2015-07-08 14:00,104,75,105,98
2015-07-08 15:00,106,73,108,99
2015-07-08 16:00,104,75,108,98
2015-07-08 17:00,104,73,107,98
2015-07-08 18:00,102,73,106,96
2015-07-08 19:00,100,73,102,94
2015-07-08 20:00,97,65,100,91
2015-07-08 21:00,95,58,98,89
2015-07-08 22:00,95,55,96,87
2015-07-08 23:00,95,53,93,85
2015-07-09 00:00,95,51,92,83
2015-07-09 01:00,95,49,90,82
2015-07-09 02:00,95,47,88,81
2015-07-09 03:00,95,45,87,81
2015-07-09 04:00,95,43,85,78
2015-07-09 05:00,95,43,85,77
2015-07-09 06:00,81,44,83,78
2015-07-09 07:00,84,50,86,78
2015-07-09 08:00,86,60,88,83
2015-07-09 09:00,88,63,90,83
2015-07-09 10:00,91,63,91,86
2015-07-09 11:00,93,64,93,87
2015-07-09 12:00,93,66,96,90
2015-07-09 14:00,99,70,101,89
2015-07-09 15:00,99,68,99,92
2015-07-09 16:00,99,71,102,89
2015-07-09 17:00,99,70,101,90
2015-07-09 18:00,99,70,100,87
2015-07-09 19:00,97,66,98,85
2015-07-09 20:00,93,61,95,84
2015-07-09 21:00,90,55,92,82
2015-07-09 22:00,90,50,90,81
2015-07-09 23:00,90,48,89,80
2015-07-10 00:00,90,45,87,79
2015-07-10 01:00,90,44,85,79
2015-07-10 02:00,90,42,84,78
2015-07-10 03:00,90,41,83,76
2015-07-10 04:00,90,40,82,75
2015-07-10 05:00,90,38,81,74
2015-07-10 06:00,77,39,80,74
2015-07-10 07:00,79,51,83,77
2015-07-10 08:00,84,58,86,81
2015-07-10 09:00,88,61,88,82
2015-07-10 10:00,90,64,92,85
2015-07-10 11:00,93,66,95,88
2015-07-10 12:00,93,66,96,89
2015-07-10 13:00,97,67,99,92
2015-07-10 14:00,100,70,99,92
2015-07-10 15:00,100,70,102,93
2015-07-10 16:00,100,71,103,93
2015-07-10 17:00,100,70,102,93
2015-07-10 18:00,99,69,100,91
2015-07-10 19:00,99,67,98,89
2015-07-10 20:00,95,62,95,87
2015-07-10 21:00,93,55,94,86
2015-07-10 22:00,93,52,92,84
2015-07-10 23:00,93,50,91,83
2015-07-11 00:00,93,50,90,81
2015-07-11 01:00,93,49,89,81
2015-07-11 02:00,93,48,88,80
2015-07-11 03:00,93,50,87,81
2015-07-11 04:00,93,49,86,80
2015-07-11 05:00,93,48,86,79
2015-07-11 06:00,82,49,86,78
2015-07-11 07:00,84,58,86,79
2015-07-11 08:00,86,61,88,83
2015-07-11 09:00,88,62,89,86
2015-07-11 10:00,91,66,94,90
2015-07-11 11:00,95,69,95,92
2015-07-11 12:00,97,72,97,94
2015-07-11 13:00,99,72,99,96
2015-07-11 14:00,100,72,101,98
2015-07-11 15:00,102,73,104,98
2015-07-11 16:00,102,74,105,99
2015-07-11 17:00,104,73,104,98
2015-07-11 18:00,102,70,103,98
2015-07-11 19:00,102,65,102,96
2015-07-11 20:00,99,59,99,93
2015-07-11 21:00,95,55,97,90
2015-07-11 22:00,95,52,95,89
2015-07-11 23:00,95,49,94,87
2015-07-12 00:00,95,49,93,84
2015-07-12 01:00,95,48,91,81
2015-07-12 02:00,95,48,90,82
2015-07-12 03:00,95,47,89,80
2015-07-12 04:00,95,47,87,79
2015-07-12 05:00,95,46,85,77
2015-07-12 06:00,79,49,88,76
2015-07-12 07:00,82,60,87,80
2015-07-12 08:00,88,65,89,83
2015-07-12 09:00,90,68,91,83
2015-07-12 10:00,91,72,94,90
2015-07-12 11:00,95,72,97,93
2015-07-12 12:00,95,73,100,95
2015-07-12 13:00,97,73,103,98
2015-07-12 14:00,100,75,103,97
2015-07-12 15:00,102,76,105,96
2015-07-12 16:00,102,75,102,93
2015-07-12 17:00,104,75,104,93
2015-07-12 18:00,102,75,102,85
2015-07-12 19:00,100,74,102,80
2015-07-12 20:00,100,74,102,80
2015-07-12 21:00,97,66,100,82
2015-07-12 22:00,97,62,99,79
2015-07-12 23:00,97,56,97,80
2015-07-13 00:00,97,55,94,79
2015-07-13 01:00,97,52,92,77
2015-07-13 02:00,97,50,91,78
2015-07-13 03:00,97,49,90,78
2015-07-13 04:00,97,49,91,80
2015-07-13 05:00,97,50,90,80
2015-07-13 06:00,86,48,89,78
2015-07-13 07:00,88,51,90,80
2015-07-13 08:00,90,58,91,83
2015-07-13 09:00,93,66,92,83
2015-07-13 10:00,95,70,95,87
2015-07-13 11:00,97,72,99,90
2015-07-13 12:00,100,75,103,92
2015-07-13 13:00,102,77,104,94
2015-07-13 14:00,104,79,105,96
2015-07-13 16:00,106,78,106,97
2015-07-13 17:00,106,73,107,93
2015-07-13 18:00,106,75,106,90
2015-07-13 19:00,104,72,105,82
2015-07-13 20:00,102,70,104,82
2015-07-13 21:00,100,67,103,80
2015-07-13 22:00,100,59,99,80
2015-07-13 23:00,100,59,95,83
2015-07-14 00:00,100,58,93,81
2015-07-14 01:00,100,56,93,81
2015-07-14 02:00,100,54,92,79
2015-07-14 03:00,100,52,90,79
2015-07-14 04:00,100,52,89,77
2015-07-14 05:00,100,51,89,78
2015-07-14 06:00,86,50,88,76
2015-07-14 07:00,86,54,88,78
2015-07-14 08:00,88,60,89,83
2015-07-14 09:00,91,65,93,87
2015-07-14 10:00,91,67,96,91
2015-07-14 11:00,99,70,99,93
2015-07-14 12:00,100,72,102,95
2015-07-14 13:00,102,76,104,97
2015-07-14 14:00,104,77,106,98
2015-07-14 15:00,104,76,106,96
2015-07-14 16:00,106,71,107,95
2015-07-14 17:00,106,68,106,93
2015-07-14 18:00,104,72,108,93
2015-07-14 19:00,100,71,105,87
2015-07-14 20:00,100,67,99,85
2015-07-14 21:00,95,62,99,84
2015-07-14 22:00,95,57,97,84
2015-07-14 23:00,95,54,98,83
2015-07-15 00:00,95,52,94,80
2015-07-15 01:00,95,53,92,78
2015-07-15 02:00,95,50,91,77
2015-07-15 03:00,95,48,90,76
2015-07-15 04:00,95,47,89,76
2015-07-15 05:00,95,47,89,76
2015-07-15 06:00,95,47,88,74
2015-07-15 07:00,86,58,89,76
2015-07-15 08:00,90,65,91,73
2015-07-15 09:00,91,68,93,73
2015-07-15 10:00,95,70,97,80
2015-07-15 11:00,95,73,98,85
2015-07-15 12:00,97,73,99,87
2015-07-15 13:00,99,75,100,87
2015-07-15 14:00,99,75,100,91
2015-07-15 15:00,102,77,103,95
2015-07-15 16:00,102,77,103,94
2015-07-15 17:00,104,76,105,96
2015-07-15 18:00,102,74,105,94
2015-07-15 19:00,102,73,104,92
2015-07-15 20:00,102,69,102,88
2015-07-15 21:00,95,64,100,87
2015-07-15 22:00,95,59,99,86
2015-07-15 23:00,95,56,98,84
2015-07-16 00:00,95,54,96,82
2015-07-16 01:00,95,52,95,82
2015-07-16 02:00,95,52,94,81
2015-07-16 03:00,95,51,92,80
2015-07-16 04:00,95,51,90,78
2015-07-16 05:00,95,49,89,76
2015-07-16 06:00,82,51,87,75
2015-07-16 07:00,88,60,89,78
2015-07-16 09:00,91,69,93,82
2015-07-16 10:00,97,72,97,86
2015-07-16 11:00,97,75,99,92
2015-07-16 12:00,99,75,104,92
2015-07-16 13:00,100,79,104,93
2015-07-16 14:00,100,79,105,95
2015-07-16 15:00,104,78,107,98
2015-07-16 16:00,104,73,106,99
2015-07-16 17:00,106,75,106,98
2015-07-16 18:00,104,75,106,89
2015-07-16 19:00,104,73,105,86
2015-07-16 20:00,102,69,103,85
2015-07-16 21:00,100,66,101,82
2015-07-16 22:00,100,61,99,75
2015-07-16 23:00,100,57,96,78
2015-07-17 00:00,100,53,92,78
2015-07-17 01:00,100,52,89,77
2015-07-17 02:00,100,52,90,79
2015-07-17 03:00,100,51,89,76
2015-07-17 04:00,100,51,88,79
2015-07-17 05:00,100,51,88,77
2015-07-17 06:00,84,50,88,78
2015-07-17 07:00,86,62,89,77
2015-07-17 08:00,84,68,91,81
2015-07-17 09:00,86,73,92,81
2015-07-17 10:00,90,75,90,84
2015-07-17 11:00,93,76,95,86
2015-07-17 12:00,95,77,98,87
2015-07-17 13:00,97,75,99,89
2015-07-17 14:00,97,75,101,90
2015-07-17 15:00,97,69,104,89
2015-07-17 16:00,99,73,101,90
2015-07-17 17:00,97,69,100,91
2015-07-17 18:00,97,68,101,90
2015-07-17 19:00,97,65,99,87
2015-07-17 20:00,97,64,97,87
2015-07-17 21:00,97,64,97,85
2015-07-17 22:00,91,64,88,82
2015-07-17 23:00,91,61,84,80
2015-07-18 00:00,91,62,84,80
2015-07-18 01:00,91,60,84,80
2015-07-18 02:00,91,57,84,78
2015-07-18 03:00,91,54,85,77
2015-07-18 04:00,91,54,83,77
2015-07-18 05:00,91,52,83,75
2015-07-18 06:00,81,51,82,74
2015-07-18 07:00,81,59,83,77
2015-07-18 08:00,82,64,84,77
2015-07-18 09:00,86,67,86,80
2015-07-18 10:00,88,70,89,83
2015-07-18 11:00,91,73,93,87
2015-07-18 12:00,93,72,94,89
2015-07-18 13:00,97,74,98,89
2015-07-18 14:00,97,74,98,86
2015-07-18 15:00,99,73,96,82
2015-07-18 16:00,90,74,96,81
2015-07-18 17:00,86,65,90,81
2015-07-18 18:00,86,56,91,80
2015-07-18 19:00,86,57,87,78
2015-07-18 20:00,81,56,85,77
2015-07-18 21:00,79,54,84,76
2015-07-18 22:00,79,54,76,76
2015-07-18 23:00,79,54,77,74
2015-07-19 00:00,79,54,77,73
2015-07-19 01:00,79,54,77,74
2015-07-19 02:00,79,54,77,73
2015-07-19 03:00,79,54,77,73
2015-07-19 04:00,79,54,78,72
2015-07-19 05:00,79,53,77,72
2015-07-19 06:00,75,52,78,72
2015-07-19 07:00,75,54,78,73
2015-07-19 08:00,75,54,78,73
2015-07-19 09:00,79,59,83,79
2015-07-19 10:00,79,61,86,83
2015-07-19 11:00,86,65,88,85
2015-07-19 12:00,88,64,91,87
2015-07-19 13:00,90,65,92,90
2015-07-19 14:00,91,67,93,89
2015-07-19 15:00,93,64,95,93
2015-07-19 16:00,93,59,95,90
2015-07-19 17:00,95,61,96,90
2015-07-19 18:00,93,64,95,90
2015-07-19 19:00,93,61,94,89
2015-07-19 20:00,93,61,94,89
2015-07-19 21:00,90,57,92,86
2015-07-19 22:00,90,56,91,84
2015-07-19 23:00,90,56,91,82
2015-07-20 00:00,90,56,91,82
2015-07-20 01:00,90,57,89,80
2015-07-20 02:00,90,56,88,79
2015-07-20 03:00,90,56,85,77
2015-07-20 04:00,90,53,87,75
2015-07-20 05:00,90,54,84,74
2015-07-20 06:00,81,55,85,73
2015-07-20 07:00,82,58,86,76
2015-07-20 08:00,84,62,88,81
2015-07-20 09:00,86,64,89,82
2015-07-20 10:00,90,66,90,85
2015-07-20 11:00,91,69,93,87
2015-07-20 12:00,93,67,94,87
2015-07-20 13:00,95,70,96,92
2015-07-20 14:00,97,72,99,94
2015-07-20 15:00,99,70,100,94
2015-07-20 16:00,99,67,100,95
2015-07-20 17:00,99,69,101,95
2015-07-20 18:00,100,69,100,94
2015-07-20 19:00,97,66,98,93
2015-07-20 20:00,97,61,97,91
2015-07-20 21:00,95,58,97,89
2015-07-20 22:00,95,57,94,87
2015-07-20 23:00,95,54,92,85
2015-07-21 00:00,95,52,92,84
2015-07-21 01:00,95,52,92,83
2015-07-21 02:00,95,51,90,83
2015-07-21 03:00,95,51,88,79
2015-07-21 04:00,95,50,86,77
2015-07-21 05:00,95,49,86,76
2015-07-21 06:00,81,49,88,75
2015-07-21 07:00,84,57,88,78
2015-07-21 08:00,88,64,90,82
2015-07-21 09:00,91,67,91,86
2015-07-21 10:00,91,67,91,86
2015-07-21 11:00,95,70,98,91
2015-07-21 12:00,99,71,100,94
2015-07-21 13:00,99,73,103,96
2015-07-21 14:00,99,72,103,98
2015-07-21 15:00,99,74,102,98
2015-07-21 16:00,99,74,105,100
2015-07-21 17:00,99,74,105,100
2015-07-21 18:00,102,74,105,99
2015-07-21 19:00,102,72,102,96
2015-07-21 20:00,99,65,101,95
2015-07-21 21:00,99,59,100,93
2015-07-21 22:00,99,58,97,91
2015-07-21 23:00,99,55,97,89
2015-07-22 00:00,99,55,95,87
2015-07-22 01:00,99,54,94,85
2015-07-22 02:00,99,51,92,84
2015-07-22 03:00,99,50,89,82
2015-07-22 04:00,99,50,88,81
2015-07-22 05:00,99,50,87,81
2015-07-22 06:00,82,50,86,78
2015-07-22 07:00,84,59,88,81
2015-07-22 08:00,88,65,90,83
2015-07-22 09:00,91,68,91,86
2015-07-22 10:00,93,70,95,89
2015-07-22 11:00,95,71,96,90
2015-07-22 12:00,97,73,98,92
2015-07-22 13:00,99,74,102,94
2015-07-22 14:00,100,76,103,96
2015-07-22 15:00,102,76,105,96
2015-07-22 16:00,102,76,105,96
2015-07-22 17:00,102,76,105,93
2015-07-22 18:00,102,75,103,90
2015-07-22 19:00,104,74,104,87
2015-07-22 20:00,102,71,103,85
2015-07-22 21:00,99,66,102,83
2015-07-22 22:00,97,62,98,82
2015-07-22 23:00,97,57,98,83
2015-07-23 00:00,97,54,96,82
2015-07-23 01:00,97,52,94,81
2015-07-23 02:00,97,50,91,80
2015-07-23 03:00,97,48,90,80
2015-07-23 04:00,97,49,89,80
2015-07-23 05:00,97,55,88,80
2015-07-23 06:00,97,51,88,79
2015-07-23 07:00,79,50,85,77
2015-07-23 08:00,81,56,86,76
2015-07-23 09:00,88,63,91,77
2015-07-23 10:00,88,66,92,77
2015-07-23 11:00,90,69,93,79
2015-07-23 12:00,93,72,97,81
2015-07-23 13:00,95,73,98,83
2015-07-23 14:00,95,75,100,86
2015-07-23 15:00,99,76,100,88
2015-07-23 16:00,99,77,100,90
2015-07-23 17:00,100,76,103,88
2015-07-23 18:00,100,76,102,82
2015-07-23 19:00,100,74,103,80
2015-07-23 20:00,100,72,102,74
2015-07-23 21:00,95,68,101,75
2015-07-23 22:00,90,63,95,76
2015-07-23 23:00,90,57,93,76
2015-07-24 00:00,90,56,91,76
2015-07-24 01:00,90,54,88,75
2015-07-24 02:00,90,55,87,75
2015-07-24 03:00,90,55,87,74
2015-07-24 04:00,90,55,87,73
2015-07-24 05:00,90,56,88,73
2015-07-24 06:00,90,55,87,72
2015-07-24 07:00,84,55,87,73
2015-07-24 08:00,86,57,87,75
2015-07-24 09:00,86,62,87,77
2015-07-24 10:00,88,65,88,80
2015-07-24 11:00,90,68,89,84
2015-07-24 12:00,91,73,93,87
2015-07-24 13:00,93,73,95,88
2015-07-24 14:00,95,75,96,90
2015-07-24 15:00,97,77,99,93
2015-07-24 16:00,99,78,102,94
2015-07-24 17:00,100,77,103,96
2015-07-24 18:00,102,79,103,96
2015-07-24 19:00,100,77,103,95
2015-07-24 20:00,100,74,101,93
2015-07-24 21:00,99,69,100,91
2015-07-24 22:00,95,62,99,90
2015-07-24 23:00,95,57,96,90
2015-07-25 00:00,95,57,95,88
2015-07-25 01:00,95,53,95,84
2015-07-25 02:00,95,54,94,83
2015-07-25 03:00,95,53,90,83
2015-07-25 04:00,95,58,93,82
2015-07-25 05:00,95,57,91,80
2015-07-25 06:00,95,53,90,79
2015-07-25 07:00,82,52,89,78
2015-07-25 08:00,84,55,89,79
2015-07-25 09:00,86,61,90,83
2015-07-25 10:00,91,71,93,86
2015-07-25 11:00,93,74,96,88
2015-07-25 12:01,97,75,100,91
2015-07-25 13:00,99,75,103,93
2015-07-25 14:00,102,78,104,95
2015-07-25 15:00,104,79,106,97
2015-07-25 16:00,106,80,108,97
2015-07-25 17:00,106,80,108,98
2015-07-25 18:00,104,81,108,96
2015-07-25 19:00,104,78,107,96
2015-07-25 20:00,102,75,106,95
2015-07-25 21:00,99,69,103,92
2015-07-25 22:00,95,63,100,91
2015-07-25 23:00,95,59,97,88
2015-07-26 00:00,95,57,97,87
2015-07-26 01:00,95,54,97,81
2015-07-26 02:00,95,52,96,80
2015-07-26 03:00,95,54,90,78
2015-07-26 04:00,95,54,88,78
2015-07-26 05:00,95,56,90,77
2015-07-26 06:00,95,58,87,76
2015-07-26 07:00,79,60,87,77
2015-07-26 08:00,77,58,87,80
2015-07-26 09:00,84,65,88,86
2015-07-26 10:00,95,72,91,87
2015-07-26 11:00,97,74,96,91
2015-07-26 12:00,97,75,101,94
2015-07-26 14:00,104,78,104,97
2015-07-26 15:00,106,79,106,97
2015-07-26 16:00,106,80,105,99
2015-07-26 17:00,106,79,107,100
2015-07-26 18:00,106,80,107,99
2015-07-26 19:00,104,77,107,98
2015-07-26 20:00,102,75,105,96
2015-07-26 21:00,95,67,102,93
2015-07-26 22:00,97,64,100,90
2015-07-26 23:00,97,62,99,84
2015-07-27 00:00,97,60,98,84
2015-07-27 01:00,97,59,95,84
2015-07-27 02:00,97,58,95,82
2015-07-27 03:00,97,57,93,81
2015-07-27 04:00,97,52,91,81
2015-07-27 05:00,97,49,89,81
2015-07-27 06:00,97,47,87,81
2015-07-27 07:00,81,48,87,81
2015-07-27 08:00,82,61,89,81
2015-07-27 09:00,90,67,90,82
2015-07-27 10:00,93,71,93,84
2015-07-27 11:00,95,73,96,86
2015-07-27 12:00,95,75,97,90
2015-07-27 13:00,99,77,102,92
2015-07-27 14:00,100,77,104,94
2015-07-27 15:00,104,78,102,97
2015-07-27 16:00,102,79,104,98
2015-07-27 17:00,104,80,105,98
2015-07-27 18:00,104,78,104,97
2015-07-27 19:00,104,77,105,98
2015-07-27 20:00,102,74,104,96
2015-07-27 21:00,100,70,103,94
2015-07-27 22:00,100,63,102,93
2015-07-27 23:00,100,61,101,87
2015-07-28 00:00,100,57,98,85
2015-07-28 01:00,100,55,97,83
2015-07-28 02:00,100,53,95,83
2015-07-28 03:00,100,53,93,82
2015-07-28 04:00,100,50,92,81
2015-07-28 05:00,100,50,91,81
2015-07-28 06:00,100,50,90,80
2015-07-28 07:00,84,49,88,79
2015-07-28 08:00,84,61,90,81
2015-07-28 09:00,88,67,92,85
2015-07-28 10:00,91,71,94,88
2015-07-28 11:00,95,74,95,90
2015-07-28 12:00,97,76,96,92
2015-07-28 13:00,99,79,99,93
2015-07-28 14:00,100,80,100,97
2015-07-28 15:00,100,79,103,98
2015-07-28 16:00,102,81,103,98
2015-07-28 17:00,102,81,105,98
2015-07-28 18:00,102,81,104,75
2015-07-28 19:00,102,80,103,73
2015-07-28 20:00,102,78,103,73
2015-07-28 21:00,100,72,102,72
2015-07-28 22:00,93,70,101,71
2015-07-28 23:00,93,66,92,73
2015-07-29 00:00,93,63,90,74
2015-07-29 01:00,93,62,90,75
2015-07-29 02:00,93,61,90,76
2015-07-29 03:00,93,61,88,75
2015-07-29 04:00,93,59,88,75
2015-07-29 05:00,93,58,87,74
2015-07-29 06:00,93,55,87,74
2015-07-29 07:00,84,54,88,73
2015-07-29 08:00,82,57,88,74
2015-07-29 09:00,81,66,88,75
2015-07-29 10:00,86,71,90,78
2015-07-29 11:00,88,73,92,78
2015-07-29 12:00,90,75,93,78
2015-07-29 13:00,93,76,94,81
2015-07-29 14:00,93,77,95,83
2015-07-29 15:00,97,80,96,85
2015-07-29 16:00,99,73,99,89
2015-07-29 17:00,99,69,99,91
2015-07-29 18:00,99,71,99,91
2015-07-29 19:00,99,73,100,86
2015-07-29 20:00,99,71,98,75
2015-07-29 21:00,90,68,92,75
2015-07-29 22:00,88,67,91,75
2015-07-29 23:00,88,65,89,75
2015-07-30 00:00,88,63,88,75
2015-07-30 01:00,88,60,88,75
2015-07-30 02:00,88,58,87,75
2015-07-30 03:00,88,56,87,76
2015-07-30 04:00,88,55,86,75
2015-07-30 05:00,88,54,85,74
2015-07-30 06:00,88,53,86,72
2015-07-30 07:00,81,51,85,72
2015-07-30 08:00,82,56,85,75
2015-07-30 09:00,86,61,88,79
2015-07-30 10:00,90,64,92,83
2015-07-30 11:00,93,64,93,86
2015-07-30 12:00,95,65,95,89
2015-07-30 13:00,97,66,98,91
2015-07-30 14:00,99,70,98,92
2015-07-30 15:00,100,73,103,93
2015-07-30 16:00,102,72,104,96
2015-07-30 17:00,102,65,103,97
2015-07-30 18:00,102,69,104,96
2015-07-30 19:00,100,70,103,96
2015-07-30 20:00,102,64,103,95
2015-07-30 21:00,100,60,102,90
2015-07-30 22:00,99,58,102,89
2015-07-30 23:00,99,56,100,89
2015-07-31 00:00,99,55,98,85
2015-07-31 01:00,99,54,97,84
2015-07-31 02:00,99,53,95,83
2015-07-31 03:00,99,52,95,82
2015-07-31 04:00,99,52,93,82
2015-07-31 05:00,99,50,92,81
2015-07-31 06:00,99,50,90,80
2015-07-31 07:00,88,50,89,80
2015-07-31 08:00,88,53,91,81
2015-07-31 09:00,88,65,93,84
2015-07-31 10:00,91,71,96,88
2015-07-31 11:00,95,74,99,92
2015-07-31 12:00,99,77,102,93
2015-07-31 13:00,102,76,104,96
2015-07-31 14:00,104,76,105,98
2015-07-31 15:00,104,69,107,86
2015-07-31 16:00,106,62,108,86
2015-07-31 17:00,95,65,97,88
2015-07-31 18:00,95,65,79,88
2015-07-31 19:00,81,67,83,81
2015-07-31 20:00,81,67,80,79
2015-07-31 21:00,77,65,80,77
2015-07-31 22:00,77,62,82,75
2015-07-31 23:00,77,63,81,76
2015-08-01 00:00,77,60,82,78
2015-08-01 01:00,77,58,81,75
2015-08-01 02:00,77,59,81,74
2015-08-01 03:00,77,58,82,76
2015-08-01 04:00,77,59,82,76
2015-08-01 05:00,77,59,82,75
2015-08-01 06:00,77,58,83,73
2015-08-01 07:00,79,58,83,73
2015-08-01 08:00,81,60,83,75
2015-08-01 09:00,82,65,83,80
2015-08-01 10:00,86,68,86,83
2015-08-01 11:00,90,68,90,87
2015-08-01 12:00,93,68,94,90
2015-08-01 13:00,95,70,95,92
2015-08-01 14:00,95,72,98,95
2015-08-01 15:00,99,73,100,96
2015-08-01 16:00,99,72,101,91
2015-08-01 17:00,100,74,102,84
2015-08-01 18:00,100,75,103,82
2015-08-01 19:00,100,70,103,86
2015-08-01 20:00,100,66,101,84
2015-08-01 21:00,99,64,99,82
2015-08-01 22:00,95,63,98,82
2015-08-01 23:00,95,62,94,81
2015-08-02 00:00,95,58,93,80
2015-08-02 01:00,95,57,93,79
2015-08-02 02:00,95,55,92,79
2015-08-02 03:00,95,56,89,79
2015-08-02 04:00,95,56,88,78
2015-08-02 05:00,95,56,88,78
2015-08-02 06:00,95,55,87,75
2015-08-02 07:00,82,54,86,75
2015-08-02 08:00,86,61,87,77
2015-08-02 09:00,90,65,89,82
2015-08-02 10:00,93,69,93,88
2015-08-02 11:00,95,72,95,89
2015-08-02 12:00,97,71,98,92
2015-08-02 13:00,97,75,101,94
2015-08-02 14:00,102,75,103,96
2015-08-02 15:00,104,75,105,96
2015-08-02 16:00,104,70,107,98
2015-08-02 17:00,104,65,107,98
2015-08-02 18:00,106,66,108,99
2015-08-02 19:00,106,69,108,97
2015-08-02 20:00,104,69,106,97
2015-08-02 21:00,100,62,102,94
2015-08-02 22:00,99,59,99,92
2015-08-02 23:00,99,56,97,89
2015-08-03 00:00,99,54,96,86
2015-08-03 01:00,99,53,96,86
2015-08-03 02:00,99,51,96,83
2015-08-03 03:00,99,50,95,82
2015-08-03 04:00,99,49,92,81
2015-08-03 05:00,99,48,89,81
2015-08-03 06:00,99,48,89,78
2015-08-03 07:00,81,47,87,78
2015-08-03 08:00,84,55,88,81
2015-08-03 09:00,90,67,92,84
2015-08-03 10:00,90,73,95,87
2015-08-03 11:00,90,74,98,90
2015-08-03 12:00,100,76,101,93
2015-08-03 13:00,102,78,103,95
2015-08-03 14:00,102,80,105,98
2015-08-03 15:00,104,80,107,100
2015-08-03 16:00,106,81,108,100
2015-08-03 17:00,108,80,109,101
2015-08-03 18:00,108,81,108,101
2015-08-03 19:00,106,78,108,100
2015-08-03 20:00,106,76,108,99
2015-08-03 21:00,102,70,106,94
2015-08-03 22:00,100,65,103,91
2015-08-03 23:00,100,63,98,89
2015-08-04 00:00,100,58,96,86
2015-08-04 01:00,100,58,94,84
2015-08-04 02:00,100,54,95,84
2015-08-04 03:00,100,54,96,81
2015-08-04 04:00,100,53,95,79
2015-08-04 05:00,100,52,94,78
2015-08-04 06:00,100,51,93,77
2015-08-04 07:00,82,51,89,75
2015-08-04 08:00,88,58,91,80
2015-08-04 09:00,88,71,92,83
2015-08-04 10:00,95,73,95,89
2015-08-04 11:00,95,77,99,91
2015-08-04 12:00,100,78,102,94
2015-08-04 13:00,102,80,105,97
2015-08-04 14:00,106,80,107,100
2015-08-04 15:00,106,81,109,102
2015-08-04 16:00,108,82,110,104
2015-08-04 17:00,108,83,110,104
2015-08-04 18:00,109,82,109,103
2015-08-04 19:00,108,82,109,101
2015-08-04 20:00,108,77,108,100
2015-08-04 21:00,104,68,107,96
2015-08-04 22:00,99,66,102,94
2015-08-04 23:00,99,59,99,91
2015-08-05 00:00,99,56,100,90
2015-08-05 01:00,99,54,97,85
2015-08-05 02:00,99,54,98,83
2015-08-05 03:00,99,52,97,83
2015-08-05 04:00,99,52,97,80
2015-08-05 05:00,99,52,95,80
2015-08-05 06:00,99,50,94,78
2015-08-05 07:00,81,51,92,78
2015-08-05 08:00,84,59,91,80
2015-08-05 09:00,90,70,94,85
2015-08-05 10:00,95,74,97,89
2015-08-05 11:00,99,78,99,91
2015-08-05 12:00,102,78,102,95
2015-08-05 13:00,104,80,106,98
2015-08-05 14:00,106,83,109,101
2015-08-05 15:00,108,84,109,102
2015-08-05 16:00,108,85,110,104
2015-08-05 17:00,109,85,109,103
2015-08-05 18:00,109,84,110,103
2015-08-05 19:00,108,83,109,101
2015-08-05 20:00,108,78,108,99
2015-08-05 21:00,104,71,107,97
2015-08-05 22:00,100,66,103,95
2015-08-05 23:00,100,64,100,94
2015-08-06 00:00,100,60,101,91
2015-08-06 01:00,100,58,102,89
2015-08-06 02:00,100,57,100,88
2015-08-06 03:00,100,54,99,87
2015-08-06 04:00,100,54,94,86
2015-08-06 05:00,100,57,95,85
2015-08-06 06:00,100,55,94,83
2015-08-06 07:00,88,52,92,82
2015-08-06 08:00,90,60,93,83
2015-08-06 09:00,88,71,94,81
2015-08-06 10:00,90,78,95,81
2015-08-06 11:00,93,79,94,83
2015-08-06 12:00,97,81,95,84
2015-08-06 13:00,99,81,97,85
2015-08-06 14:00,99,82,98,84
2015-08-06 15:00,99,81,99,85
2015-08-06 16:00,102,78,100,89
2015-08-06 17:00,104,74,103,91
2015-08-06 18:00,104,74,104,94
2015-08-06 19:00,102,73,104,94
2015-08-06 20:00,102,68,103,93
2015-08-06 21:00,97,67,100,89
2015-08-06 22:00,95,65,99,88
2015-08-06 23:00,95,65,96,86
2015-08-07 00:00,95,65,95,86
2015-08-07 01:00,95,62,94,86
2015-08-07 02:00,95,63,93,83
2015-08-07 03:00,95,61,92,83
2015-08-07 04:00,95,57,91,83
2015-08-07 05:00,95,54,90,82
2015-08-07 06:00,95,54,90,80
2015-08-07 07:00,90,54,91,79
2015-08-07 08:00,90,62,90,81
2015-08-07 09:00,82,67,91,85
2015-08-07 10:00,84,70,93,89
2015-08-07 11:00,88,72,95,89
2015-08-07 12:00,95,74,97,91
2015-08-07 13:00,97,76,100,93
2015-08-07 14:00,97,77,102,96
2015-08-07 15:00,100,77,106,97
2015-08-07 16:00,102,65,103,97
2015-08-07 17:00,79,61,104,82
2015-08-07 18:00,81,62,86,84
2015-08-07 19:00,86,59,80,77
2015-08-07 20:00,81,57,84,77
2015-08-07 21:00,79,56,83,79
2015-08-07 22:00,81,55,83,82
2015-08-07 23:00,81,56,83,81
2015-08-08 00:00,81,56,83,77
2015-08-08 01:00,81,55,83,73
2015-08-08 02:00,81,56,82,73
2015-08-08 03:00,81,57,82,73
2015-08-08 04:00,81,56,81,72
2015-08-08 05:00,81,55,81,73
2015-08-08 06:00,81,55,81,72
2015-08-08 07:00,79,54,80,73
2015-08-08 08:00,79,56,81,74
2015-08-08 09:00,79,60,83,77
2015-08-08 10:00,86,61,86,81
2015-08-08 11:00,90,63,89,84
2015-08-08 12:00,91,67,92,86
2015-08-08 13:00,93,69,95,88
2015-08-08 14:00,93,71,97,90
2015-08-08 15:00,97,72,99,93
2015-08-08 16:00,99,74,100,93
2015-08-08 17:00,99,68,101,82
2015-08-08 18:00,99,67,101,80
2015-08-08 19:00,99,67,101,84
2015-08-08 20:00,97,64,100,85
2015-08-08 21:00,91,59,95,83
2015-08-08 22:00,91,57,95,82
2015-08-08 23:00,91,55,95,81
2015-08-09 00:00,91,53,95,79
2015-08-09 01:00,91,54,94,78
2015-08-09 02:00,91,53,94,77
2015-08-09 03:00,91,52,91,76
2015-08-09 04:00,91,51,90,76
2015-08-09 05:00,91,50,89,74
2015-08-09 06:00,91,49,87,74
2015-08-09 07:00,82,49,87,73
2015-08-09 08:00,82,55,88,75
2015-08-09 09:00,86,65,90,80
2015-08-09 10:00,91,68,91,84
2015-08-09 11:00,93,71,95,88
2015-08-09 12:00,100,73,96,90
2015-08-09 13:00,97,72,101,92
2015-08-09 14:00,100,76,101,94
2015-08-09 15:00,102,78,102,97
2015-08-09 16:00,102,76,103,96
2015-08-09 17:00,104,73,106,88
2015-08-09 18:00,104,72,104,90
2015-08-09 19:00,104,70,105,89
2015-08-09 20:00,102,67,104,81
2015-08-09 21:00,100,63,103,78
2015-08-09 22:00,100,61,95,79
2015-08-09 23:00,100,61,92,79
2015-08-10 00:00,100,62,95,80
2015-08-10 01:00,100,57,93,79
2015-08-10 02:00,100,55,90,78
2015-08-10 03:00,100,52,90,73
2015-08-10 04:00,100,51,90,73
2015-08-10 05:00,100,51,88,72
2015-08-10 06:00,100,51,87,72
2015-08-10 07:00,84,52,87,72
2015-08-10 08:00,84,56,88,73
2015-08-10 09:00,86,64,88,75
2015-08-10 10:00,88,67,90,81
2015-08-10 11:00,90,69,91,82
2015-08-10 12:00,93,70,95,85
2015-08-10 13:00,93,72,97,89
2015-08-10 14:00,99,72,99,92
2015-08-10 15:00,99,74,101,94
2015-08-10 16:00,100,72,102,93
2015-08-10 17:00,100,68,103,86
2015-08-10 18:00,100,68,104,90
2015-08-10 19:00,100,68,103,89
2015-08-10 20:00,100,66,102,89
2015-08-10 21:00,99,64,101,88
2015-08-10 22:00,100,63,99,84
2015-08-10 23:00,100,63,99,83
2015-08-11 00:00,100,61,98,83
2015-08-11 01:00,100,60,96,82
2015-08-11 02:00,100,58,94,80
2015-08-11 03:00,100,57,93,80
2015-08-11 04:00,100,58,93,79
2015-08-11 05:00,100,58,91,78
2015-08-11 06:00,100,58,91,77
2015-08-11 07:00,86,58,90,77
2015-08-11 08:00,88,59,90,77
2015-08-11 09:00,91,61,90,72
2015-08-11 10:00,90,63,94,72
2015-08-11 11:00,79,67,79,77
2015-08-11 12:00,79,64,80,79
2015-08-11 13:00,81,67,81,86
2015-08-11 14:00,84,60,85,91
2015-08-14 15:00,109,83,112,103
2015-08-14 16:00,111,77,114,105
2015-08-14 17:00,113,78,116,103
2015-08-14 18:00,111,77,114,100
2015-08-14 19:00,111,76,113,98
2015-08-14 20:00,100,72,111,96
2015-08-14 21:00,100,68,104,94
2015-08-14 22:00,100,67,105,92
2015-08-14 23:00,100,65,106,89
2015-08-15 00:00,100,63,105,86
2015-08-15 01:00,100,60,101,84
2015-08-15 02:00,100,64,102,82
2015-08-15 03:00,100,62,96,82
2015-08-15 04:00,100,58,96,80
2015-08-15 05:00,100,56,94,79
2015-08-15 06:00,100,54,93,78
2015-08-15 07:00,86,53,93,78
2015-08-15 08:00,88,60,94,80
2015-08-15 09:00,88,60,94,85
2015-08-15 10:00,93,75,100,90
2015-08-15 11:00,97,80,102,93
2015-08-15 12:00,100,82,106,97
2015-08-15 13:00,104,80,107,100
2015-08-15 14:00,106,84,108,102
2015-08-15 15:00,108,78,110,104
2015-08-15 16:00,109,79,112,106
2015-08-15 17:00,111,78,114,107
2015-08-15 18:00,111,74,114,105
2015-08-15 19:00,111,72,113,103
2015-08-15 20:00,111,74,112,98
2015-08-15 21:00,109,68,111,95
2015-08-15 22:00,100,64,106,92
2015-08-15 23:00,100,61,105,90
2015-08-16 00:00,100,59,103,90
2015-08-16 01:00,100,57,102,90
2015-08-16 02:00,100,57,99,88
2015-08-16 03:00,100,55,98,82
2015-08-16 04:00,100,53,97,85
2015-08-16 05:00,100,54,97,79
2015-08-16 06:00,100,53,96,81
2015-08-16 07:00,90,51,94,82
2015-08-16 08:00,90,58,93,83
2015-08-16 09:00,93,70,93,88
2015-08-16 10:00,95,79,95,90
2015-08-16 11:00,95,78,98,91
2015-08-16 12:00,99,83,101,95
2015-08-16 13:00,100,84,103,96
2015-08-16 14:00,104,83,106,98
2015-08-16 15:00,104,80,107,100
2015-08-16 16:00,104,84,110,102
2015-08-16 17:00,109,86,110,103
2015-08-16 18:00,109,81,111,102
2015-08-16 19:00,109,77,111,100
2015-08-16 20:00,108,74,110,99
2015-08-16 21:00,104,68,108,97
2015-08-16 22:00,102,67,105,96
2015-08-16 23:00,102,63,105,94
2015-08-17 00:00,102,60,103,90
2015-08-17 01:00,102,58,100,87
2015-08-17 02:00,102,56,98,86
2015-08-17 03:00,102,56,97,85
2015-08-17 04:00,102,56,96,86
2015-08-17 05:00,102,61,96,86
2015-08-17 06:00,102,55,95,82
2015-08-17 07:00,90,54,92,78
2015-08-17 08:00,88,63,92,80
2015-08-17 09:00,91,71,93,82
2015-08-17 10:00,93,77,94,85
2015-08-17 11:00,95,77,96,87
2015-08-17 12:00,97,78,97,90
2015-08-17 13:00,99,81,99,93
2015-08-17 14:00,99,83,100,95
2015-08-17 15:00,102,83,103,96
2015-08-17 16:00,104,82,105,99
2015-08-17 17:00,104,84,108,100
2015-08-17 18:00,106,83,107,100
2015-08-17 19:00,106,82,107,99
2015-08-17 20:00,104,78,106,97
2015-08-17 21:00,100,75,102,94
2015-08-17 22:00,99,73,101,91
2015-08-17 23:00,99,71,99,89
2015-08-18 00:00,99,69,97,86
2015-08-18 01:00,99,64,95,84
2015-08-18 02:00,99,60,94,82
2015-08-18 03:00,99,59,92,82
2015-08-18 04:00,99,56,92,81
2015-08-18 05:00,99,54,89,80
2015-08-18 06:00,99,55,88,79
2015-08-18 07:00,84,53,88,78
2015-08-18 08:00,86,61,89,79
2015-08-18 09:00,88,68,90,82
2015-08-18 10:00,90,74,92,85
2015-08-18 11:00,93,77,94,85
2015-08-18 12:00,95,80,97,91
2015-08-18 13:00,97,83,98,93
2015-08-18 14:00,97,82,102,96
2015-08-18 15:00,100,83,103,98
2015-08-18 16:00,102,83,105,100
2015-08-18 17:00,104,83,107,100
2015-08-18 18:00,104,82,105,99
2015-08-18 19:00,102,79,105,98
2015-08-18 20:00,102,76,104,96
2015-08-18 21:00,97,72,101,93
2015-08-18 22:00,95,69,99,91
2015-08-18 23:00,95,65,97,89
2015-08-19 00:00,95,60,96,87
2015-08-19 01:00,95,58,96,86
2015-08-19 02:00,95,56,95,83
2015-08-19 03:00,95,56,93,80
2015-08-19 04:00,95,56,91,79
2015-08-19 05:00,95,57,91,79
2015-08-19 06:00,95,58,90,80
2015-08-19 07:00,82,54,86,78
2015-08-19 08:00,81,63,86,79
2015-08-19 09:00,84,69,89,83
2015-08-19 10:00,90,74,92,85
2015-08-19 11:00,91,76,94,89
2015-08-19 12:00,95,79,96,91
2015-08-19 13:00,97,81,99,94
2015-08-19 14:00,100,81,102,95
2015-08-19 15:00,102,82,104,97
2015-08-19 16:00,102,84,104,98
2015-08-19 17:00,104,82,104,99
2015-08-19 18:00,102,82,105,99
2015-08-19 19:00,104,79,105,99
2015-08-19 20:00,102,76,104,97
2015-08-19 21:00,100,73,103,95
2015-08-19 22:00,99,72,101,90
2015-08-19 23:00,99,68,98,88
2015-08-20 00:00,99,60,96,88
2015-08-20 01:00,99,57,96,87
2015-08-20 02:00,99,54,95,83
2015-08-20 03:00,99,51,93,82
2015-08-20 04:00,99,51,92,81
2015-08-20 05:00,99,51,89,81
2015-08-20 06:00,99,50,88,81
2015-08-20 07:00,82,49,88,78
2015-08-20 08:00,86,79,89,81
2015-08-20 09:00,88,67,91,84
2015-08-20 10:00,90,72,93,87
2015-08-20 11:00,93,73,96,90
2015-08-20 12:00,97,75,97,93
2015-08-20 13:00,97,78,102,94
2015-08-20 14:00,100,78,105,96
2015-08-20 15:00,102,80,105,98
2015-08-20 16:00,102,81,104,94
2015-08-20 17:00,104,81,105,94
2015-08-20 18:00,104,79,105,82
2015-08-20 19:00,104,78,105,81
2015-08-20 20:00,102,75,104,83
2015-08-20 21:00,100,71,103,83
2015-08-20 22:00,93,68,101,83
2015-08-20 23:00,93,64,98,82
2015-08-21 00:00,93,59,96,81
2015-08-21 01:00,93,56,95,80
2015-08-21 02:00,93,53,94,80
2015-08-21 03:00,93,53,93,79
2015-08-21 04:00,93,54,93,79
2015-08-21 05:00,93,52,91,80
2015-08-21 06:00,93,50,90,80
2015-08-21 07:00,86,50,89,79
2015-08-21 08:00,86,57,90,81
2015-08-21 09:00,90,65,91,82
2015-08-21 10:00,91,67,93,85
2015-08-21 11:00,93,70,95,88
2015-08-21 12:00,97,72,99,90
2015-08-21 13:00,97,74,100,92
2015-08-21 14:00,99,76,100,94
2015-08-21 15:00,102,78,102,96
2015-08-21 16:00,104,78,104,97
2015-08-21 17:00,104,77,103,95
2015-08-21 18:00,104,77,104,97
2015-08-21 19:00,102,75,105,96
2015-08-21 20:00,102,72,104,94
2015-08-21 21:00,100,69,103,92
2015-08-21 22:00,99,68,100,90
2015-08-21 23:00,99,66,99,87
2015-08-22 00:00,99,61,96,87
2015-08-22 01:00,99,57,95,86
2015-08-22 02:00,99,56,94,84
2015-08-22 03:00,99,54,93,83
2015-08-22 04:00,99,55,91,83
2015-08-22 05:00,99,52,90,81
2015-08-22 06:00,99,53,89,80
2015-08-22 07:00,84,53,88,79
2015-08-22 08:00,86,58,88,80
2015-08-22 09:00,88,65,90,84
2015-08-22 10:00,91,68,92,86
2015-08-22 11:00,93,72,94,89
2015-08-22 12:00,95,75,98,90
2015-08-22 13:00,97,77,97,92
2015-08-22 14:01,99,78,100,79
2015-08-22 15:00,97,78,102,94
2015-08-22 16:00,100,80,103,92
2015-08-22 17:00,104,80,105,75
2015-08-22 18:00,102,81,104,73
2015-08-22 19:00,102,78,104,73
2015-08-22 20:00,100,73,103,76
2015-08-22 21:00,100,69,102,77
2015-08-22 22:00,95,65,101,77
2015-08-22 23:00,95,61,96,78
2015-08-23 00:00,95,60,95,77
2015-08-23 01:00,95,57,92,76
2015-08-23 02:00,95,57,92,74
2015-08-23 03:00,95,57,90,74
2015-08-23 04:00,95,54,89,73
2015-08-23 05:00,95,54,88,72
2015-08-23 06:00,95,53,87,72
2015-08-23 07:00,82,53,87,70
2015-08-23 08:00,84,60,87,72
2015-08-23 09:00,86,70,89,75
2015-08-23 10:00,90,74,94,82
2015-08-23 11:00,91,75,94,83
2015-08-23 12:00,97,72,98,87
2015-08-23 13:00,99,71,100,90
2015-08-23 14:00,99,64,103,93
2015-08-23 15:00,102,72,105,96
2015-08-23 16:00,104,74,105,97
2015-08-23 17:00,104,74,107,98
2015-08-23 18:00,104,73,106,95
2015-08-23 19:00,104,73,106,93
2015-08-23 20:00,104,73,106,91
2015-08-23 21:00,97,61,102,84
2015-08-23 22:00,93,58,98,82
2015-08-23 23:00,93,56,93,81
2015-08-24 00:00,93,56,92,78
2015-08-24 01:00,93,56,91,80
2015-08-24 02:00,93,55,91,80
2015-08-24 03:00,93,57,90,79
2015-08-24 04:00,93,58,90,81
2015-08-24 05:00,93,56,88,80
2015-08-24 06:00,93,56,89,79
2015-08-24 07:00,84,53,88,78
2015-08-24 08:00,86,58,89,79
2015-08-24 09:00,88,69,91,82
2015-08-24 10:00,90,75,93,85
2015-08-24 11:00,95,78,96,88
2015-08-24 14:00,100,83,103,95
2015-08-24 15:00,102,84,106,97
2015-08-24 16:00,102,74,106,96
2015-08-24 17:00,104,79,106,98
2015-08-24 18:00,104,80,105,98
2015-08-24 19:00,104,79,104,97
2015-08-24 20:00,104,75,104,81
2015-08-24 21:00,100,68,102,79
2015-08-24 22:00,97,71,97,81
2015-08-24 23:00,97,70,98,75
2015-08-25 00:00,97,67,96,73
2015-08-25 01:00,97,65,96,73
2015-08-25 02:00,97,62,90,72
2015-08-25 03:00,97,65,86,73
2015-08-25 04:00,97,62,90,73
2015-08-25 05:00,97,64,84,73
2015-08-25 06:00,97,61,84,74
2015-08-25 07:00,84,60,84,74
2015-08-25 08:00,86,61,86,75
2015-08-25 09:00,86,65,87,78
2015-08-25 10:00,90,68,90,80
2015-08-25 11:00,91,68,90,84
2015-08-25 12:00,91,66,92,86
2015-08-25 13:00,91,64,92,88
2015-08-25 14:00,93,61,95,90
2015-08-25 15:00,97,70,98,79
2015-08-25 16:00,97,71,98,79
2015-08-25 17:00,97,69,99,77
2015-08-25 18:00,86,63,90,77
2015-08-25 19:00,77,58,87,77
2015-08-25 20:00,81,58,86,77
2015-08-25 21:00,81,58,85,77
2015-08-25 22:00,82,58,85,76
2015-08-25 23:00,82,57,86,75
2015-08-26 00:00,82,56,85,76
2015-08-26 01:00,82,55,87,74
2015-08-26 02:00,82,55,86,75
2015-08-26 03:00,82,56,86,75
2015-08-26 04:00,82,56,85,76
2015-08-26 05:00,82,56,84,75
2015-08-26 06:00,82,55,85,74
2015-08-26 07:00,81,53,85,73
2015-08-26 08:00,81,60,85,78
2015-08-26 09:00,84,61,87,81
2015-08-26 10:00,88,64,91,85
2015-08-26 11:00,90,67,92,87
2015-08-26 12:00,93,67,96,91
2015-08-26 13:00,95,71,98,93
2015-08-26 14:00,99,71,100,95
2015-08-26 15:00,99,68,102,97
2015-08-26 16:00,100,67,104,98
2015-08-26 17:00,100,69,103,96
2015-08-26 18:00,102,68,104,90
2015-08-26 19:00,100,71,103,85
2015-08-26 20:00,100,66,102,84
2015-08-26 21:00,97,60,101,82
2015-08-26 22:00,95,59,99,82
2015-08-26 23:00,95,56,98,81
2015-08-27 00:00,95,55,94,81
2015-08-27 01:00,95,54,93,79
2015-08-27 02:00,95,53,92,78
2015-08-27 03:00,95,52,91,78
2015-08-27 04:00,95,50,90,76
2015-08-27 05:00,95,50,89,75
2015-08-27 06:00,95,50,88,74
2015-08-27 07:00,84,49,87,73
2015-08-27 08:00,86,53,88,75
2015-08-27 09:00,68,63,90,80
2015-08-27 10:00,91,70,94,85
2015-08-27 11:00,93,72,96,88
2015-08-27 12:00,97,75,100,91
2015-08-27 13:00,99,77,105,94
2015-08-27 14:00,102,75,105,96
2015-08-27 15:00,102,65,106,96
2015-08-27 16:00,104,59,107,98
2015-08-27 17:00,104,60,90,98
2015-08-27 18:00,97,62,84,97
2015-08-27 19:00,84,63,84,81
2015-08-27 20:00,86,59,89,81
2015-08-27 21:00,88,58,88,81
2015-08-27 22:00,86,57,89,79
2015-08-27 23:00,86,57,87,78
2015-08-28 00:00,86,57,86,78
2015-08-28 01:00,86,56,85,79
2015-08-28 02:00,86,55,87,78
2015-08-28 03:00,86,53,84,77
2015-08-28 04:00,86,52,83,77
2015-08-28 05:00,86,50,83,75
2015-08-28 06:00,86,49,82,74
2015-08-28 07:00,79,48,82,73
2015-08-28 08:00,81,51,83,74
2015-08-28 09:00,86,63,86,79
2015-08-28 10:00,88,71,89,84
2015-08-28 11:00,90,74,92,87
2015-08-28 12:00,93,76,97,89
2015-08-28 13:00,97,77,98,92
2015-08-28 14:00,99,77,101,94
2015-08-28 15:00,99,73,104,96
2015-08-28 16:00,102,77,107,98
2015-08-28 17:00,106,74,108,99
2015-08-28 18:00,106,73,107,99
2015-08-28 19:00,104,73,106,97
2015-08-28 20:00,102,68,105,95
2015-08-28 21:00,99,61,103,91
2015-08-28 22:00,97,59,99,88
2015-08-28 23:00,97,55,99,85
2015-08-29 00:00,97,54,96,83
2015-08-29 01:00,97,52,96,82
2015-08-29 02:00,97,51,95,81
2015-08-29 03:00,97,49,92,81
2015-08-29 04:00,97,49,91,80
2015-08-29 05:00,97,48,89,77
2015-08-29 06:00,97,48,88,77
2015-08-29 07:00,84,47,87,76
2015-08-29 08:00,84,52,88,78
2015-08-29 09:00,88,64,90,83
2015-08-29 10:00,93,73,94,89
2015-08-29 11:00,97,77,98,92
2015-08-29 12:00,100,79,101,94
2015-08-29 13:00,102,79,104,98
2015-08-29 14:00,104,77,105,99
2015-08-29 15:00,106,81,109,102
2015-08-29 16:00,106,81,109,103
2015-08-29 17:00,108,77,110,88
2015-08-29 18:00,108,75,111,84
2015-08-29 19:00,108,72,108,84
2015-08-29 20:00,102,67,103,84
2015-08-29 21:00,102,62,82,84
2015-08-29 22:00,86,60,86,83
2015-08-29 23:00,86,58,87,80
2015-08-30 00:00,86,57,86,80
2015-08-30 01:00,86,56,86,80
2015-08-30 02:00,86,54,86,82
2015-08-30 03:00,86,53,86,80
2015-08-30 04:00,86,52,85,80
2015-08-30 05:00,86,52,85,80
2015-08-30 06:00,86,51,84,78
2015-08-30 07:00,79,51,83,77
2015-08-30 08:00,82,56,84,78
2015-08-30 09:00,88,66,89,82
2015-08-30 10:00,91,69,92,82
2015-08-30 11:00,93,73,95,90
2015-08-30 12:00,97,75,99,93
2015-08-30 13:00,99,76,100,95
2015-08-30 14:00,102,77,105,95
2015-08-30 15:00,102,72,103,97
2015-08-30 16:00,104,73,106,96
2015-08-30 17:00,106,73,105,91
2015-08-30 18:00,104,72,107,90
2015-08-30 19:00,104,69,105,88
2015-08-30 20:00,102,62,94,86
2015-08-30 21:00,88,58,93,84
2015-08-30 22:00,88,57,92,83
2015-08-30 23:00,88,58,91,82
2015-08-31 00:00,88,56,92,81
2015-08-31 01:00,88,55,89,80
2015-08-31 02:00,88,55,89,77
2015-08-31 03:00,88,54,88,76
2015-08-31 04:00,88,52,89,75
2015-08-31 05:00,88,51,87,74
2015-08-31 06:00,88,51,86,74
2015-08-31 07:00,81,50,86,75
2015-08-31 08:00,79,55,87,76
2015-08-31 09:00,86,59,90,80
2015-08-31 10:00,88,66,92,86
2015-08-31 11:00,93,69,95,89
2015-08-31 12:00,95,72,97,91
2015-08-31 13:00,97,73,100,93
2015-08-31 14:00,97,71,102,95
2015-08-31 15:00,97,69,104,94
2015-08-31 16:00,97,69,105,95
2015-08-31 17:00,102,68,105,96
2015-08-31 18:00,102,65,105,96
2015-08-31 19:00,102,65,104,91
2015-08-31 20:00,99,62,103,90
2015-08-31 21:00,97,59,84,86
2015-08-31 22:00,93,59,82,82
2015-09-01 04:00,93,53,80,72
2015-09-01 07:00,77,49,79,72
2015-09-01 08:00,77,54,80,72
2015-09-01 09:00,81,63,83,77
2015-09-01 10:00,82,69,84,80
2015-09-01 11:00,86,72,87,84
2015-09-01 12:00,90,73,90,86
2015-09-01 13:00,91,73,91,88
2015-09-01 14:00,93,75,95,90
2015-09-01 15:00,97,75,97,92
2015-09-01 16:00,97,71,97,93
2015-09-01 17:00,99,72,99,92
2015-09-01 18:00,99,72,97,91
2015-09-01 19:00,97,71,98,88
2015-09-01 20:00,95,66,97,85
2015-09-01 21:00,91,63,96,85
2015-09-01 22:00,91,60,95,82
2015-09-01 23:00,91,60,93,81
2015-09-02 00:00,91,58,90,81
2015-09-02 01:00,91,56,90,80
2015-09-02 02:00,91,52,90,79
2015-09-02 03:00,91,50,91,78
2015-09-02 04:00,91,50,89,79
2015-09-02 05:00,91,49,87,78
2015-09-02 06:00,91,49,87,77
2015-09-02 07:00,81,48,84,77
2015-09-02 08:00,81,52,85,76
2015-09-02 09:00,82,63,86,79
2015-09-02 10:00,86,66,87,82
2015-09-02 11:00,88,69,88,84
2015-09-02 12:00,93,71,91,86
2015-09-02 13:00,93,71,95,88
2015-09-02 14:00,97,72,96,91
2015-09-02 15:00,99,74,99,91
2015-09-02 16:00,99,72,99,88
2015-09-02 17:00,99,73,100,88
2015-09-02 18:00,95,72,100,89
2015-09-02 19:00,99,70,99,86
2015-09-02 20:00,95,66,98,83
2015-09-02 21:00,95,61,97,84
2015-09-02 22:00,93,58,94,82
2015-09-02 23:00,93,53,92,81
2015-09-03 00:00,93,51,89,80
2015-09-03 01:00,93,48,90,79
2015-09-03 02:00,93,48,87,77
2015-09-03 03:00,93,46,87,77
2015-09-03 04:00,93,45,83,77
2015-09-03 05:00,93,46,85,76
2015-09-03 06:00,93,47,84,74
2015-09-03 07:00,81,46,83,74
2015-09-03 08:00,79,52,84,75
2015-09-03 09:00,84,63,86,77
2015-09-03 10:00,88,66,88,81
2015-09-03 11:00,90,68,91,84
2015-09-03 12:00,95,70,94,86
2015-09-03 13:00,95,70,95,88
2015-09-03 14:00,97,71,98,88
2015-09-03 15:00,97,72,92,77
2015-09-03 16:00,97,73,93,75
2015-09-03 17:00,97,73,95,70
2015-09-03 18:00,97,72,79,70
2015-09-03 19:00,81,70,80,70
2015-09-03 20:00,79,66,79,70
2015-09-03 21:00,77,65,77,70
2015-09-03 22:00,77,63,78,69
2015-09-03 23:00,77,58,78,69
2015-09-04 00:00,77,58,78,70
2015-09-04 01:00,77,57,78,69
2015-09-04 02:00,77,56,79,68
2015-09-04 03:00,77,56,79,68
2015-09-04 04:00,77,56,78,67
2015-09-04 05:00,77,53,78,67
2015-09-04 06:00,77,51,77,67
2015-09-04 07:00,73,50,77,67
2015-09-04 08:00,73,51,77,67
2015-09-04 09:00,79,55,79,72
2015-09-04 10:00,82,58,83,74
2015-09-04 11:00,84,64,87,78
2015-09-04 12:00,86,67,89,79
2015-09-04 13:00,90,69,91,79
2015-09-04 14:00,91,69,93,80
2015-09-04 15:00,91,72,95,82
2015-09-04 16:00,93,68,96,81
2015-09-04 17:00,93,63,94,80
2015-09-04 18:00,91,57,93,79
2015-09-04 19:00,91,55,93,77
2015-09-04 20:00,90,56,92,76
2015-09-04 21:00,88,53,90,76
2015-09-04 22:00,86,53,88,75
2015-09-04 23:00,86,52,87,74
2015-09-05 00:00,86,54,85,73
2015-09-05 01:00,86,54,83,73
2015-09-05 02:01,86,54,83,72
2015-09-05 03:00,86,55,83,72
2015-09-05 04:00,86,54,82,71
2015-09-05 05:00,86,54,82,71
2015-09-05 06:00,86,53,81,72
2015-09-05 07:00,79,54,81,71
2015-09-05 08:00,79,56,82,70
2015-09-05 09:00,72,58,82,70
2015-09-05 10:00,82,60,84,72
2015-09-05 11:00,84,61,85,72
2015-09-05 12:00,84,66,86,72
2015-09-05 13:00,84,67,89,73
2015-09-05 14:00,88,64,91,79
2015-09-05 15:00,90,56,93,79
2015-09-05 16:00,91,55,93,79
2015-09-05 17:00,91,54,94,77
2015-09-05 18:00,91,58,93,80
2015-09-05 19:00,91,60,92,79
2015-09-05 20:00,90,58,91,76
2015-09-05 21:00,86,56,90,75
2015-09-05 22:00,86,55,89,74
2015-09-05 23:00,86,56,89,73
2015-09-06 00:00,86,56,87,71
2015-09-06 01:00,86,56,87,70
2015-09-06 02:00,86,53,86,70
2015-09-06 03:00,86,52,86,69
2015-09-06 04:00,86,52,85,69
2015-09-06 05:00,86,52,85,69
2015-09-06 06:00,86,49,84,69
2015-09-06 07:00,79,48,83,69
2015-09-06 08:00,81,50,84,70
2015-09-06 09:00,84,58,86,76
2015-09-06 10:00,88,61,89,80
2015-09-06 11:00,88,65,92,84
2015-09-06 12:00,88,66,95,86
2015-09-06 13:00,88,68,96,89
2015-09-06 14:00,97,69,98,91
2015-09-06 15:00,97,69,99,92
2015-09-06 16:00,97,70,99,93
2015-09-06 17:00,99,72,101,94
2015-09-06 18:00,100,71,102,93
2015-09-06 19:00,99,69,101,92
2015-09-06 20:00,97,64,99,86
2015-09-06 21:00,95,61,98,86
2015-09-06 22:00,93,57,98,83
2015-09-06 23:00,93,55,97,80
2015-09-07 00:00,93,54,92,78
2015-09-07 01:00,93,51,92,77
2015-09-07 02:00,93,50,95,75
2015-09-07 03:00,93,50,93,74
2015-09-07 04:00,93,48,90,75
2015-09-07 05:00,93,49,88,74
2015-09-07 06:00,93,49,88,73
2015-09-07 07:00,81,48,86,73
2015-09-07 08:00,81,57,86,74
2015-09-07 09:00,84,65,87,78
2015-09-07 10:00,86,69,89,84
2015-09-07 11:00,88,72,90,85
2015-09-07 12:00,90,72,95,87
2015-09-07 13:00,90,73,95,89
2015-09-07 14:00,93,73,96,91
2015-09-07 15:00,93,68,96,94
2015-09-07 16:00,93,68,92,94
2015-09-07 17:00,97,65,95,95
2015-09-07 18:00,97,64,98,95
2015-09-07 19:00,95,56,97,93
2015-09-07 21:00,90,57,94,89
2015-09-07 22:00,88,54,93,88
2015-09-07 23:00,88,54,93,87
2015-09-08 00:00,88,53,93,85
2015-09-08 01:00,88,54,92,82
2015-09-08 02:00,88,54,88,80
2015-09-08 03:00,88,53,89,78
2015-09-08 04:00,88,51,87,78
2015-09-08 05:00,88,50,86,77
2015-09-08 06:00,88,49,87,76
2015-09-08 07:00,84,47,85,76
2015-09-08 08:00,82,52,86,77
2015-09-08 09:00,86,62,89,79
2015-09-08 10:00,88,68,93,81
2015-09-08 11:00,93,72,96,85
2015-09-08 12:00,93,74,96,90
2015-09-08 14:00,95,71,101,93
2015-09-08 15:00,97,68,103,90
2015-09-08 16:00,99,72,104,89
2015-09-08 17:00,100,75,104,88
2015-09-08 18:00,102,72,103,87
2015-09-08 19:00,100,70,102,82
2015-09-08 20:00,97,63,99,80
2015-09-08 21:00,97,61,97,79
2015-09-08 22:00,95,61,91,78
2015-09-08 23:00,95,57,90,77
2015-09-09 00:00,95,55,93,78
2015-09-09 01:00,95,55,88,77
2015-09-09 02:00,95,52,86,77
2015-09-09 03:00,95,50,85,77
2015-09-09 04:00,95,50,84,75
2015-09-09 05:00,95,49,84,74
2015-09-09 06:00,95,48,85,72
2015-09-09 07:00,82,47,85,73
2015-09-09 08:00,82,49,84,74
2015-09-09 09:00,84,59,85,76
2015-09-09 10:00,84,70,86,79
2015-09-09 11:00,86,73,87,81
2015-09-09 12:00,88,75,88,83
2015-09-09 13:00,88,76,89,86
2015-09-09 14:00,91,78,92,87
2015-09-09 15:00,93,77,93,87
2015-09-09 16:00,93,77,95,87
2015-09-09 17:00,93,77,95,88
2015-09-09 18:00,95,75,95,87
2015-09-09 19:00,93,70,95,86
2015-09-09 20:00,93,67,95,84
2015-09-09 21:00,91,60,92,84
2015-09-09 22:00,90,60,91,82
2015-09-09 23:00,90,58,91,81
2015-09-10 00:00,90,58,91,81
2015-09-10 01:00,90,58,91,80
2015-09-10 02:00,90,57,89,78
2015-09-10 03:00,90,55,89,79
2015-09-10 04:00,90,54,88,78
2015-09-10 05:00,90,55,88,78
2015-09-10 06:00,90,54,87,76
2015-09-10 07:00,84,50,86,75
2015-09-10 08:00,84,51,85,76
2015-09-10 09:00,84,58,85,78
2015-09-10 10:00,86,68,86,77
2015-09-10 11:00,86,73,88,75
2015-09-10 12:00,88,76,90,74
2015-09-10 13:00,88,76,92,75
2015-09-10 14:00,88,77,92,75
2015-09-10 15:00,88,73,92,73
2015-09-10 16:00,88,75,92,74
2015-09-10 17:00,88,72,92,76
2015-09-10 18:00,88,70,91,77
2015-09-10 19:00,86,68,88,76
2015-09-10 20:00,84,64,87,76
2015-09-10 21:00,82,62,86,75
2015-09-10 22:00,82,60,84,75
2015-09-10 23:00,82,58,82,74
2015-09-11 00:00,82,55,82,74
2015-09-11 01:00,82,54,81,74
2015-09-11 02:00,82,52,81,72
2015-09-11 03:00,82,49,80,72
2015-09-11 04:00,82,47,80,71
2015-09-11 05:00,82,47,79,71
2015-09-11 06:00,82,44,79,70
2015-09-11 07:00,72,42,78,69
2015-09-11 08:00,73,47,79,70
2015-09-11 09:00,79,61,81,74
2015-09-11 10:00,81,72,84,77
2015-09-11 11:00,86,76,88,79
2015-09-11 12:00,88,78,91,82
2015-09-11 13:00,91,79,96,86
2015-09-11 14:00,93,80,97,88
2015-09-11 15:00,97,81,98,91
2015-09-11 16:00,97,81,99,92
2015-09-11 17:00,99,81,101,93
2015-09-11 18:00,99,80,101,92
2015-09-11 19:00,99,77,100,91
2015-09-11 20:00,97,67,98,88
2015-09-11 21:00,93,59,97,86
2015-09-11 22:00,93,56,94,82
2015-09-11 23:00,93,53,94,80
2015-09-12 00:00,93,50,94,79
2015-09-12 01:00,93,52,93,77
2015-09-12 02:00,93,50,91,76
2015-09-12 03:00,93,50,90,76
2015-09-12 04:00,93,48,88,75
2015-09-12 05:00,93,47,87,74
2015-09-12 06:00,93,47,86,73
2015-09-12 07:00,79,45,83,72
2015-09-12 08:00,77,49,84,73
2015-09-12 09:00,82,63,87,80
2015-09-12 10:00,88,68,90,85
2015-09-12 11:00,90,73,94,87
2015-09-12 12:00,95,77,96,94
2015-09-12 13:00,99,78,99,96
2015-09-12 14:00,100,78,104,98
2015-09-12 15:00,100,78,103,98
2015-09-12 16:00,102,79,105,99
2015-09-12 17:00,104,75,104,98
2015-09-12 18:00,104,75,105,95
2015-09-12 19:00,104,72,104,91
2015-09-12 20:00,99,66,102,88
2015-09-12 21:00,93,62,99,85
2015-09-12 22:00,91,59,95,83
2015-09-12 23:00,91,57,93,82
2015-09-13 00:00,91,57,92,81
2015-09-13 01:00,91,56,91,78
2015-09-13 02:00,91,56,92,77
2015-09-13 03:00,91,59,92,74
2015-09-13 04:00,91,54,88,74
2015-09-13 05:00,91,51,90,73
2015-09-13 06:00,91,51,87,73
2015-09-13 07:00,81,54,86,72
2015-09-13 08:00,81,58,87,75
2015-09-13 09:00,86,61,87,80
2015-09-13 10:00,88,72,91,83
2015-09-13 11:00,93,73,95,87
2015-09-13 12:00,95,76,97,92
2015-09-13 13:00,95,78,99,92
2015-09-13 14:00,99,78,99,95
2015-09-13 15:00,100,77,102,97
2015-09-13 16:00,100,75,102,82
2015-09-13 17:00,102,66,103,82
2015-09-13 19:00,100,59,101,79
2015-09-13 20:00,100,56,93,78
2015-09-13 21:00,90,57,93,77
2015-09-13 22:00,86,55,79,77
2015-09-13 23:00,86,54,79,78
2015-09-14 00:00,86,52,79,78
2015-09-14 01:00,86,55,79,76
2015-09-14 02:00,86,56,79,73
2015-09-14 03:00,86,55,77,71
2015-09-14 04:00,86,53,77,70
2015-09-14 05:00,86,50,76,69
2015-09-14 06:00,86,50,77,69
2015-09-14 07:00,73,50,77,69
2015-09-14 08:00,73,53,78,69
2015-09-14 09:00,75,58,79,75
2015-09-14 10:00,79,59,81,78
2015-09-14 11:00,82,62,84,83
2015-09-14 12:00,88,66,87,87
2015-09-14 13:00,90,67,92,89
2015-09-14 14:00,91,67,94,88
2015-09-14 15:00,93,70,96,91
2015-09-14 16:00,97,70,97,92
2015-09-14 17:00,95,70,97,93
2015-09-14 18:00,95,69,97,90
2015-09-14 19:00,93,66,95,88
2015-09-14 20:00,91,63,76,87
2015-09-14 21:00,81,60,81,85
2015-09-14 22:00,81,56,81,82
2015-09-14 23:00,81,54,80,80
2015-09-15 00:00,81,55,80,78
2015-09-15 01:00,81,54,79,80
2015-09-15 02:00,81,55,80,78
2015-09-15 03:00,81,56,81,77
2015-09-15 04:00,81,56,82,75
2015-09-15 05:00,81,55,81,73
2015-09-15 06:00,81,55,81,73
2015-09-15 07:00,81,55,80,73
2015-09-15 08:00,81,56,79,73
2015-09-15 09:00,82,56,82,78
2015-09-15 10:00,82,57,85,81
2015-09-15 11:00,86,59,89,84
2015-09-15 12:00,86,63,91,86
2015-09-15 13:00,90,64,92,88
2015-09-15 14:00,90,66,94,90
2015-09-15 15:00,93,66,94,91
2015-09-15 16:00,93,67,94,92
2015-09-15 17:00,93,67,96,89
2015-09-15 18:00,95,63,95,82
2015-09-15 19:00,93,62,95,81
2015-09-15 20:00,91,60,93,75
2015-09-15 21:00,88,57,92,76
2015-09-15 22:00,90,53,91,76
2015-09-15 23:00,90,58,89,77
2015-09-16 00:00,90,58,87,75
2015-09-16 01:00,90,57,86,75
2015-09-16 02:00,90,58,84,73
2015-09-16 03:00,90,57,83,72
2015-09-16 04:00,90,56,80,71
2015-09-16 05:00,90,55,80,70
2015-09-16 06:00,90,54,79,70
2015-09-16 07:00,77,54,78,70
2015-09-16 08:01,77,54,79,72
2015-09-16 09:00,81,55,82,76
2015-09-16 10:00,84,56,85,81
2015-09-16 11:00,86,61,88,83
2015-09-16 12:00,90,63,91,86
2015-09-16 13:00,91,63,94,89
2015-09-16 14:00,91,65,94,91
2015-09-16 15:00,95,68,96,92
2015-09-16 16:00,97,67,95,91
2015-09-16 17:00,95,67,96,92
2015-09-16 18:00,95,66,97,92
2015-09-16 19:00,95,63,96,89
2015-09-16 20:00,93,59,94,86
2015-09-16 21:00,90,59,94,83
2015-09-16 22:00,88,58,89,81
2015-09-16 23:00,88,58,89,77
2015-09-17 00:00,88,57,88,77
2015-09-17 01:00,88,57,87,75
2015-09-17 02:00,88,53,85,73
2015-09-17 03:00,88,51,83,74
2015-09-17 04:00,88,49,81,73
2015-09-17 05:00,88,48,79,72
2015-09-17 06:00,88,49,78,72
2015-09-17 07:00,73,46,77,71
2015-09-17 08:00,73,48,78,73
2015-09-17 09:00,77,57,80,78
2015-09-17 10:00,82,59,84,82
2015-09-17 11:00,86,62,87,85
2015-09-17 12:00,88,64,91,87
2015-09-17 13:00,91,67,92,88
2015-09-17 14:00,93,68,94,91
2015-09-17 15:00,95,70,93,93
2015-09-17 16:00,95,71,96,94
2015-09-17 17:00,95,70,98,94
2015-09-17 18:00,97,69,96,94
2015-09-17 19:00,95,66,95,92
2015-09-17 20:00,93,63,93,89
2015-09-17 21:00,90,60,92,87
2015-09-17 22:00,90,51,92,82
2015-09-17 23:00,90,49,88,80
2015-09-18 00:00,90,47,86,79
2015-09-18 01:00,90,48,85,76
2015-09-18 02:00,90,45,86,76
2015-09-18 03:00,90,44,83,76
2015-09-18 04:00,90,43,84,71
2015-09-18 05:00,90,42,79,72
2015-09-18 06:00,90,41,78,69
2015-09-18 07:00,72,39,78,69
2015-09-18 08:00,72,42,79,71
2015-09-18 09:00,77,54,81,76
2015-09-18 10:00,82,61,86,81
2015-09-18 11:00,86,65,88,85
2015-09-18 12:00,90,68,91,88
2015-09-18 13:00,95,71,93,90
2015-09-18 14:00,95,72,96,92
2015-09-18 15:00,97,73,99,94
2015-09-18 16:00,97,74,100,94
2015-09-18 17:00,99,74,99,95
2015-09-18 18:00,97,73,99,94
2015-09-18 19:00,97,70,98,92
2015-09-18 20:00,93,63,96,90
2015-09-18 21:00,91,55,95,89
2015-09-18 22:00,91,51,90,87
2015-09-18 23:00,91,48,90,85
2015-09-19 00:00,91,46,87,80
2015-09-19 01:00,91,45,86,77
2015-09-19 02:00,91,43,84,76
2015-09-19 03:00,91,42,83,76
2015-09-19 04:00,91,41,82,76
2015-09-19 05:00,91,40,82,75
2015-09-19 06:00,91,38,81,74
2015-09-19 07:00,77,37,80,72
2015-09-19 08:00,77,42,80,74
2015-09-19 09:00,79,58,84,77
2015-09-19 10:00,82,68,86,82
2015-09-19 11:00,88,71,92,86
2015-09-19 12:00,91,74,95,89
2015-09-19 13:00,95,75,97,93
2015-09-19 14:00,97,75,99,93
2015-09-19 15:00,99,76,100,89
2015-09-19 16:00,99,77,101,83
2015-09-19 17:00,100,76,102,81
2015-09-19 18:00,100,75,98,80
2015-09-19 19:00,99,72,100,80
2015-09-19 20:00,97,66,98,79
2015-09-19 21:00,93,61,97,78
2015-09-19 22:00,91,59,93,79
2015-09-19 23:00,91,57,91,78
2015-09-20 00:00,91,56,90,76
2015-09-20 01:00,91,51,88,74
2015-09-20 02:00,91,53,88,74
2015-09-20 03:00,91,50,87,73
2015-09-20 04:00,91,47,86,71
2015-09-20 05:00,91,46,85,72
2015-09-20 06:00,91,46,83,71
2015-09-20 07:00,79,45,82,70
2015-09-20 08:00,79,49,83,71
2015-09-20 09:00,82,61,85,76
2015-09-20 10:00,86,71,88,80
2015-09-20 11:00,90,73,93,85
2015-09-20 12:00,93,74,94,86
2015-09-20 13:00,95,75,98,90
2015-09-20 14:00,97,76,97,91
2015-09-20 15:00,99,76,99,93
2015-09-20 16:00,99,78,102,95
2015-09-20 17:00,100,79,101,95
2015-09-20 18:00,99,76,102,95
2015-09-20 19:00,99,71,100,92
2015-09-20 20:00,99,62,99,88
2015-09-20 21:00,91,58,98,86
2015-09-20 22:00,91,56,97,82
2015-09-20 23:00,91,53,92,81
2015-09-21 00:00,91,51,94,79
2015-09-21 01:00,91,49,91,79
2015-09-21 02:00,91,46,89,79
2015-09-21 03:00,91,45,87,77
2015-09-21 04:00,91,44,87,77
2015-09-21 05:00,91,43,86,77
2015-09-21 06:00,91,43,84,77
2015-09-21 07:00,82,43,84,75
2015-09-21 08:00,84,45,84,72
2015-09-21 09:00,84,52,84,70
2015-09-21 10:00,84,62,86,70
2015-09-21 11:00,82,68,86,70
2015-09-21 12:00,84,72,85,70
2015-09-21 13:00,86,71,86,70
2015-09-21 14:00,86,72,86,70
2015-09-21 15:00,88,71,87,70
2015-09-21 16:00,86,71,82,70
2015-09-21 17:00,79,68,81,75
2015-09-21 18:00,75,66,83,73
2015-09-21 19:00,73,64,79,72
2015-09-21 20:00,72,61,78,71
2015-09-21 21:00,72,60,77,72
2015-09-21 22:00,72,58,77,72
2015-09-21 23:00,72,58,77,72
2015-09-22 00:00,72,56,77,71
2015-09-22 01:00,72,54,76,71
2015-09-22 02:00,72,54,76,71
2015-09-22 03:00,72,54,75,71
2015-09-22 04:00,72,54,74,71
2015-09-22 05:00,72,54,74,71
2015-09-22 06:00,72,53,75,71
2015-09-22 07:00,70,52,74,72
2015-09-22 08:00,72,53,74,72
2015-09-22 09:00,73,56,75,74
2015-09-22 10:00,77,56,77,76
2015-09-22 11:00,79,68,80,77
2015-09-22 12:00,82,65,83,80
2015-09-22 13:00,84,52,86,82
2015-09-22 14:00,88,52,86,77
2015-09-22 15:00,88,52,90,68
2015-09-22 16:00,88,53,90,70
2015-09-22 17:00,90,57,89,78
2015-09-22 18:00,88,56,90,80
2015-09-22 19:00,88,54,78,78
2015-09-22 20:00,77,50,79,75
2015-09-22 21:00,75,51,76,73
2015-09-22 22:00,75,47,77,73
2015-09-22 23:00,75,47,76,73
2015-09-23 00:00,75,46,75,71
2015-09-23 01:00,75,44,76,70
2015-09-23 02:00,75,43,75,70
2015-09-23 03:00,75,42,74,69
2015-09-23 04:00,75,41,73,68
2015-09-23 05:00,75,40,75,68
2015-09-23 06:00,75,39,74,67
2015-09-23 07:00,72,40,73,67
2015-09-23 08:00,72,42,74,68
2015-09-23 09:00,75,52,77,72
2015-09-23 10:00,79,62,79,75
2015-09-23 11:00,82,67,83,77
2015-09-23 12:00,86,70,85,80
2015-09-23 13:00,88,70,85,83
2015-09-23 14:00,90,75,90,85
2015-09-23 15:00,91,75,92,87
2015-09-23 16:00,93,76,94,88
2015-09-23 17:00,95,75,95,88
2015-09-23 18:00,95,75,96,87
2015-09-23 19:00,93,71,94,86
2015-09-23 20:00,91,61,91,81
2015-09-23 21:00,88,55,89,79
2015-09-23 22:00,88,52,89,78
2015-09-23 23:00,88,49,91,76
2015-09-24 00:00,88,47,86,74
2015-09-24 01:00,88,46,84,72
2015-09-24 02:00,88,45,83,71
2015-09-24 03:00,88,44,83,70
2015-09-24 04:00,88,43,80,70
2015-09-24 05:00,88,42,82,69
2015-09-24 06:00,88,41,79,68
2015-09-24 07:00,75,41,79,68
2015-09-24 08:00,73,43,78,70
2015-09-24 09:00,81,56,82,75
2015-09-24 10:00,81,67,85,78
2015-09-24 11:00,86,70,89,82
2015-09-24 12:00,90,73,93,86
2015-09-24 13:00,93,74,95,88
2015-09-24 14:00,97,75,98,91
2015-09-24 15:00,100,77,101,92
2015-09-24 16:00,100,77,104,93
2015-09-24 17:00,102,76,104,94
2015-09-24 18:00,102,75,103,94
2015-09-24 19:00,100,72,101,93
2015-09-24 20:00,95,62,99,89
2015-09-24 21:00,95,56,99,84
2015-09-24 22:00,90,53,98,80
2015-09-24 23:00,90,51,91,78
2015-09-25 00:00,90,49,89,79
2015-09-25 01:00,90,47,90,78
2015-09-25 02:00,90,45,86,84
2015-09-25 03:00,90,44,86,83
2015-09-25 04:00,90,42,85,84
2015-09-25 05:00,90,42,84,80
2015-09-25 06:00,90,41,83,80
2015-09-25 07:00,82,40,83,80
2015-09-25 08:00,77,43,82,78
2015-09-25 09:00,81,56,85,79
2015-09-25 10:00,88,66,90,82
2015-09-25 11:00,93,71,94,85
2015-09-25 12:00,95,74,97,88
2015-09-25 13:00,95,75,98,89
2015-09-25 14:00,97,77,101,91
2015-09-25 15:00,99,77,101,92
2015-09-25 16:00,99,77,102,93
2015-09-25 17:00,99,76,102,93
2015-09-25 18:00,99,74,101,92
2015-09-25 19:00,99,72,99,90
2015-09-25 20:00,93,62,97,87
2015-09-25 21:00,90,56,95,85
2015-09-25 22:00,88,51,93,81
2015-09-25 23:00,88,49,92,83
2015-09-26 00:00,88,47,90,80
2015-09-26 01:00,88,45,89,80
2015-09-26 02:00,88,45,87,77
2015-09-26 03:00,88,44,85,77
2015-09-26 04:00,88,42,86,76
2015-09-26 05:00,88,42,84,74
2015-09-26 06:00,88,42,84,74
2015-09-26 07:00,75,41,83,73
2015-09-26 08:00,77,44,83,73
2015-09-26 09:00,82,57,86,79
2015-09-26 10:00,90,66,90,84
2015-09-26 11:00,93,69,93,87
2015-09-26 12:00,95,72,98,90
2015-09-26 13:00,97,74,99,92
2015-09-26 14:00,97,76,101,93
2015-09-26 15:00,100,76,103,94
2015-09-26 16:00,102,76,103,95
2015-09-26 17:00,102,76,103,94
2015-09-26 18:00,102,74,103,94
2015-09-26 19:00,102,71,101,91
2015-09-26 20:00,95,64,98,87
2015-09-26 21:00,95,57,96,84
2015-09-26 22:00,90,53,93,81
2015-09-26 23:00,90,50,92,79
2015-09-27 00:00,90,47,90,77
2015-09-27 01:00,90,46,89,75
2015-09-27 02:00,90,44,87,74
2015-09-27 03:00,90,44,87,72
2015-09-27 04:00,90,42,86,72
2015-09-27 05:00,90,44,84,69
2015-09-27 06:00,90,44,83,67
2015-09-27 07:00,75,45,82,68
2015-09-27 08:00,77,49,82,69
2015-09-27 09:00,82,63,84,74
2015-09-27 10:00,82,69,87,80
2015-09-27 11:00,91,70,91,85
2015-09-27 12:00,93,73,93,89
2015-09-27 13:00,97,74,98,90
2015-09-27 14:00,100,75,100,92
2015-09-27 15:00,100,74,101,94
2015-09-27 16:00,100,76,103,94
2015-09-27 17:00,102,75,103,95
2015-09-27 18:00,100,74,102,96
2015-09-27 19:00,100,70,101,94
2015-09-27 20:00,97,62,100,87
2015-09-27 21:00,93,60,99,81
2015-09-27 22:00,93,58,95,79
2015-09-27 23:00,93,57,93,76
2015-09-28 00:00,93,54,91,74
2015-09-28 01:00,93,51,89,73
2015-09-28 02:00,93,50,87,73
2015-09-28 03:00,93,48,86,73
2015-09-28 04:00,93,50,86,73
2015-09-28 05:00,93,49,83,71
2015-09-28 06:00,93,47,82,68
2015-09-28 07:00,93,49,84,71
2015-09-28 08:00,77,48,81,69
2015-09-28 09:00,81,61,84,74
2015-09-28 10:00,84,68,87,82
2015-09-28 11:00,90,70,91,85
2015-09-28 12:00,91,72,94,87
2015-09-28 13:00,97,74,96,89
2015-09-28 14:00,99,75,99,92
2015-09-28 15:00,99,74,102,94
2015-09-28 16:00,100,76,102,94
2015-09-28 17:00,100,76,103,94
2015-09-28 18:00,100,73,100,94
2015-09-28 19:00,99,70,100,91
2015-09-28 20:00,97,65,97,86
2015-09-28 21:00,91,58,94,84
2015-09-28 22:00,90,57,92,79
2015-09-28 23:00,90,54,92,77
2015-09-29 00:00,90,55,89,73
2015-09-29 01:00,90,53,86,72
2015-09-29 02:00,90,53,85,72
2015-09-29 03:00,90,54,86,70
2015-09-29 04:00,90,50,83,70
2015-09-29 05:00,90,49,82,69
2015-09-29 06:00,90,51,81,68
2015-09-29 07:00,73,48,80,67
2015-09-29 08:00,75,49,80,67
2015-09-29 09:00,81,59,83,73
2015-09-29 10:00,84,70,87,81
2015-09-29 11:00,90,73,91,84
2015-09-29 12:00,93,75,93,87
2015-09-29 13:00,95,76,98,89
2015-09-29 14:00,97,78,100,89
2015-09-29 15:00,100,78,101,94
2015-09-29 16:00,100,79,102,95
2015-09-29 17:00,100,78,103,95
2015-09-29 18:00,100,76,102,95
2015-09-29 19:00,100,73,101,92
2015-09-29 20:00,95,65,99,86
2015-09-29 21:00,93,59,95,80
2015-09-29 22:00,88,60,94,77
2015-09-29 23:00,88,56,93,75
2015-09-30 00:00,88,52,90,73
2015-09-30 01:00,88,50,88,73
2015-09-30 02:00,88,50,86,72
2015-09-30 03:00,88,47,85,71
2015-09-30 04:00,88,50,84,69
2015-09-30 05:00,88,48,82,68
2015-09-30 06:00,88,47,81,69
2015-09-30 07:00,72,45,79,69
2015-09-30 08:00,72,47,78,71
2015-09-30 09:00,79,60,81,74
2015-09-30 10:00,84,69,86,82
2015-09-30 11:00,90,74,91,85
